{"metadata":{"meta":{"(13,4,3)":{"fields":{"state":"0"},"inventory":null},"(13,4,4)":{"fields":{"state":"2"},"inventory":null},"(3,4,2)":{"fields":{"state":"0"},"inventory":null},"(4,4,2)":{"fields":{"state":"2"},"inventory":null}}},"node_mapping":{"air":126,"default:stone":2,"default:stonebrick":4,"doors:door_obsidian_glass_a":399,"doors:door_obsidian_glass_b":400,"doors:hidden":386,"moreblocks:checker_stone_tile":4882,"moreblocks:coal_glass":5035,"moreblocks:coal_stone":3368,"moreblocks:coal_stone_bricks":4327,"moreblocks:slab_meselamp_1":1228,"moreblocks:slope_coal_stone_half_raised":3397,"moreblocks:slope_coal_stone_inner_half_raised":3403,"moreblocks:stair_coal_stone":3369}}