{"metadata":{"meta":{"(13,4,7)":{"fields":{"state":"0"},"inventory":null},"(13,4,8)":{"fields":{"state":"2"},"inventory":null},"(7,4,2)":{"fields":{"state":"0"},"inventory":null},"(8,4,2)":{"fields":{"state":"2"},"inventory":null}}},"node_mapping":{"air":126,"default:stone":2,"default:stonebrick":4,"doors:door_obsidian_glass_a":399,"doors:door_obsidian_glass_b":400,"doors:hidden":386,"moreblocks:cactus_checker":4427,"moreblocks:coal_glass":5035,"moreblocks:coal_stone":3368,"moreblocks:coal_stone_bricks":4327,"moreblocks:slope_coal_stone":3388,"moreblocks:stair_coal_stone_bricks":4328}}